"smallest","private","recently","hair","gentle","seeing"
"park","breathing","notice","quarter","trip","helpful"
"voice","within","path","still","by","height"
"differ","short","gone","physical","opportunity","before"
"question","stomach","thus","want","however","definition"
"plural","till","adult","tax","military","any"
"hand","rich","meet","separate","scared","mother"
"change","porch","difficult","rush","something","period"
"poor","fifty","cell","atmosphere","crowd","must"
"every","wish","health","diameter","couple","reader"
"themselves","fine","enemy","come","lot","herd"